graph_index,|V|,|E|,avg_degree,nr_connected_components,degree_std,degree_entropy,assortativity
20251201_crve.txt,15754,129943,16.496508823156024,1,86.43545493750952,3.434911876364982,-0.3804736775185526
