graph_index,|V|,|E|,avg_degree,nr_connected_components,degree_std,degree_entropy,assortativity,transitivity,average_clustering,cheeger constant,n_spanning_trees,treewidth,natural connectivity,spectral gap,spectral radius,effective graph resistance,algebaric connectivity
CAIDA_20250901.txt_mhrw_0.2.txt,15729,10199,1.2968402314196708,5550,0.5088730747309439,0.9647135841905539,-0.008668488430721374,0.01066350710900474,0.0030093034098374553,0.018015699395187233,0,2,0.5693169771069696,0.0108810645461892,2.3136567022781933,3.1788416301098006e-05,0.0
