{
    "CAIDA_20250901_crve_10.txt": {
        "0.15": {
            "cheeger": 0.9949174078780177,
            "c": 783,
            "a": 787,
            "b": 7077
        },
        "0.25": {
            "cheeger": 0.989192625556262,
            "c": 1556,
            "a": 1573,
            "b": 6291
        },
        "0.35": {
            "cheeger": 0.9983043662568886,
            "c": 2355,
            "a": 2359,
            "b": 5505
        },
        "0.45": {
            "cheeger": 1.0654799745708836,
            "c": 3352,
            "a": 3146,
            "b": 4718
        }
    }
}