{
    "0.21": {
        "cheeger": 0.85,
        "c": 17,
        "a": 20,
        "b": 1964
    },
    "0.3": {
        "cheeger": 1.4747474747474747,
        "c": 292,
        "a": 198,
        "b": 1786
    },
    "0.4": {
        "cheeger": 2.022670025188917,
        "c": 803,
        "a": 397,
        "b": 1587
    }
}