{
    "CAIDA_20250901_crve_20.txt": {
        "0.15": {
            "cheeger": 0.9923712650985378,
            "c": 1561,
            "a": 1573,
            "b": 14155
        },
        "0.25": {
            "cheeger": 0.9974570883661793,
            "c": 3138,
            "a": 3146,
            "b": 12582
        },
        "0.35": {
            "cheeger": 0.9934308116126298,
            "c": 4688,
            "a": 4719,
            "b": 11009
        },
        "0.45": {
            "cheeger": 1.0400508582326764,
            "c": 6544,
            "a": 6292,
            "b": 9436
        }
    }
}