{
    "SCION_20230101_small_dre_70.txt": {
        "0.15": {
            "cheeger": 1.087179487179487,
            "c": 212,
            "a": 195,
            "b": 1751
        },
        "0.25": {
            "cheeger": 1.4987146529562982,
            "c": 583,
            "a": 389,
            "b": 1557
        },
        "0.35": {
            "cheeger": 1.9640410958904109,
            "c": 1147,
            "a": 584,
            "b": 1362
        },
        "0.45": {
            "cheeger": 2.6277278562259307,
            "c": 2047,
            "a": 779,
            "b": 1167
        }
    },
    "SCION_20230101_100.txt": {
        "0.15": {
            "cheeger": 1.5678391959798994,
            "c": 312,
            "a": 199,
            "b": 1785
        },
        "0.25": {
            "cheeger": 2.0604534005037785,
            "c": 818,
            "a": 397,
            "b": 1587
        },
        "0.35": {
            "cheeger": 2.6521008403361344,
            "c": 1578,
            "a": 595,
            "b": 1389
        },
        "0.45": {
            "cheeger": 3.5075566750629723,
            "c": 2785,
            "a": 794,
            "b": 1190
        }
    },
    "SCION_20230101_small_dre_60.txt": {
        "0.15": {
            "cheeger": 1.0,
            "c": 193,
            "a": 193,
            "b": 1736
        },
        "0.25": {
            "cheeger": 1.33419689119171,
            "c": 515,
            "a": 386,
            "b": 1543
        },
        "0.35": {
            "cheeger": 1.7184801381692574,
            "c": 995,
            "a": 579,
            "b": 1350
        },
        "0.45": {
            "cheeger": 2.2823834196891193,
            "c": 1762,
            "a": 772,
            "b": 1157
        }
    },
    "SCION_20230101_small_dre_10.txt": {
        "0.15": {
            "cheeger": 0.6618705035971223,
            "c": 92,
            "a": 139,
            "b": 1247
        },
        "0.25": {
            "cheeger": 0.779783393501805,
            "c": 216,
            "a": 277,
            "b": 1109
        },
        "0.35": {
            "cheeger": 0.8052884615384616,
            "c": 335,
            "a": 416,
            "b": 970
        },
        "0.45": {
            "cheeger": 0.9297297297297298,
            "c": 516,
            "a": 555,
            "b": 831
        }
    },
    "SCION_20230101_small_dre_30.txt": {
        "0.15": {
            "cheeger": 0.9157303370786517,
            "c": 163,
            "a": 178,
            "b": 1599
        },
        "0.25": {
            "cheeger": 0.9042253521126761,
            "c": 321,
            "a": 355,
            "b": 1422
        },
        "0.35": {
            "cheeger": 1.127579737335835,
            "c": 601,
            "a": 533,
            "b": 1244
        },
        "0.45": {
            "cheeger": 1.4275668073136427,
            "c": 1015,
            "a": 711,
            "b": 1066
        }
    },
    "SCION_20230101_small_dre_20.txt": {
        "0.15": {
            "cheeger": 0.8098159509202454,
            "c": 132,
            "a": 163,
            "b": 1466
        },
        "0.25": {
            "cheeger": 0.8680981595092024,
            "c": 283,
            "a": 326,
            "b": 1303
        },
        "0.35": {
            "cheeger": 0.9263803680981595,
            "c": 453,
            "a": 489,
            "b": 1140
        },
        "0.45": {
            "cheeger": 1.1978527607361964,
            "c": 781,
            "a": 652,
            "b": 977
        }
    },
    "SCION_20230101_small_dre_50.txt": {
        "0.15": {
            "cheeger": 1.0105820105820107,
            "c": 191,
            "a": 189,
            "b": 1697
        },
        "0.25": {
            "cheeger": 1.1851851851851851,
            "c": 448,
            "a": 378,
            "b": 1508
        },
        "0.35": {
            "cheeger": 1.5565371024734982,
            "c": 881,
            "a": 566,
            "b": 1320
        },
        "0.45": {
            "cheeger": 2.0344370860927152,
            "c": 1536,
            "a": 755,
            "b": 1131
        }
    },
    "SCION_20230101_small_dre_90.txt": {
        "0.15": {
            "cheeger": 1.4141414141414141,
            "c": 280,
            "a": 198,
            "b": 1782
        },
        "0.25": {
            "cheeger": 1.8080808080808082,
            "c": 716,
            "a": 396,
            "b": 1584
        },
        "0.35": {
            "cheeger": 2.3754208754208754,
            "c": 1411,
            "a": 594,
            "b": 1386
        },
        "0.45": {
            "cheeger": 3.1553030303030303,
            "c": 2499,
            "a": 792,
            "b": 1188
        }
    },
    "SCION_20230101_small_dre_80.txt": {
        "0.15": {
            "cheeger": 1.3045685279187818,
            "c": 257,
            "a": 197,
            "b": 1767
        },
        "0.25": {
            "cheeger": 1.6539440203562341,
            "c": 650,
            "a": 393,
            "b": 1571
        },
        "0.35": {
            "cheeger": 2.1901528013582343,
            "c": 1290,
            "a": 589,
            "b": 1375
        },
        "0.45": {
            "cheeger": 2.8702290076335877,
            "c": 2256,
            "a": 786,
            "b": 1178
        }
    },
    "SCION_20230101_small_dre_40.txt": {
        "0.15": {
            "cheeger": 0.9398907103825137,
            "c": 172,
            "a": 183,
            "b": 1653
        },
        "0.25": {
            "cheeger": 1.0245231607629428,
            "c": 376,
            "a": 367,
            "b": 1469
        },
        "0.35": {
            "cheeger": 1.32486388384755,
            "c": 730,
            "a": 551,
            "b": 1285
        },
        "0.45": {
            "cheeger": 1.7247956403269755,
            "c": 1266,
            "a": 734,
            "b": 1102
        }
    }
}