graph_index,|V|,|E|,avg_degree,nr_connected_components,degree_std,degree_entropy,assortativity,transitivity,average_clustering,cheeger constant,natural connectivity,spectral gap,spectral radius,effective graph resistance,min effective graph resistance,max effective graph resistance,normalized effective graph resistance,algebaric connectivity
expander_graph_1.txt,1965,15720,16.0,1,0.0,-0.0,nan,0.007340966921119593,0.007340966921119614,6.531806615776081,8.41872061074858,8.304631577018164,15.999999999999998,2098.0911367774556,236.614951762321,464711.7652611984,0.004007698116411627,8.304631577018162
expander_graph_0.txt,1965,15720,16.0,1,0.0,-0.0,nan,0.007519083969465649,0.007519083969465679,6.590330788804072,8.418703798226948,8.325429339301422,16.000000000000018,2096.0245239636815,236.02386374525088,463550.8683956727,0.004014550110298175,8.325429339301452
expander_graph_2.txt,1965,15720,16.0,1,0.0,-0.0,nan,0.006984732824427481,0.00698473282442751,6.55470737913486,8.418704551548403,8.319199047796786,15.999999999999996,2096.1712436116554,236.20062324634358,463898.0240558188,0.004011481054436642,8.319199047796833
expander_graph_3.txt,1965,15720,16.0,1,0.0,-0.0,nan,0.007302798982188295,0.0073027989821883126,6.552162849872774,8.418695771683906,8.328256323559323,16.000000000000004,2094.938277788485,235.94374664493995,463393.5184106621,0.00401374096600297,8.328256323559323
expander_graph_4.txt,1965,15720,16.0,1,0.0,-0.0,nan,0.007544529262086514,0.007544529262086541,6.6132315521628495,8.418697258475817,8.312108166219911,16.000000000000014,2095.123893822704,236.40212094275947,464293.7655315796,0.004005370713695996,8.312108166219835
