graph_index,|V|,|E|,avg_degree,nr_connected_components,degree_std,degree_entropy,assortativity,transitivity,average_clustering,cheeger_constant,spectral_gap,spectral_radius,algebraic_connectivity
expander_graph_1.txt,1965,15720,16.0,1,0.0,-0.0,,0.007340966921119593,0.007340966921119614,6.526717557251908,8.304631577018164,16.000000000000004,8.304631577018204
expander_graph_0.txt,1965,15720,16.0,1,0.0,-0.0,,0.007519083969465649,0.007519083969465679,6.585241730279898,8.325429339301419,16.000000000000007,8.325429339301467
expander_graph_2.txt,1965,15720,16.0,1,0.0,-0.0,,0.006984732824427481,0.00698473282442751,6.575063613231552,8.319199047796793,16.000000000000004,8.319199047796808
expander_graph_3.txt,1965,15720,16.0,1,0.0,-0.0,,0.007302798982188295,0.0073027989821883126,6.529262086513995,8.328256323559312,15.99999999999999,8.328256323559309
expander_graph_4.txt,1965,15720,16.0,1,0.0,-0.0,,0.007544529262086514,0.007544529262086541,6.541984732824427,8.312108166219895,16.00000000000002,8.312108166219868
