graph_index,|V|,|E|,avg_degree,nr_connected_components,degree_std,degree_entropy,assortativity,transitivity,average_clustering,cheeger_constant,spectral_gap,spectral_radius,algebraic_connectivity
expander_graph_1.txt,1965,15720,16.0,1,0.0,-0.0,,0.007340966921119593,0.007340966921119614,6.559796437659033,8.304631577018185,16.000000000000004,8.304631577018096
expander_graph_0.txt,1965,15720,16.0,1,0.0,-0.0,,0.007519083969465649,0.007519083969465679,6.559796437659033,8.325429339301415,15.999999999999991,8.325429339301426
expander_graph_2.txt,1965,15720,16.0,1,0.0,-0.0,,0.006984732824427481,0.00698473282442751,6.577608142493639,8.319199047796783,15.999999999999998,8.31919904779682
expander_graph_3.txt,1965,15720,16.0,1,0.0,-0.0,,0.007302798982188295,0.0073027989821883126,6.572519083969466,8.328256323559309,16.00000000000001,8.328256323559307
expander_graph_4.txt,1965,15720,16.0,1,0.0,-0.0,,0.007544529262086514,0.007544529262086541,6.569974554707379,8.312108166219875,16.00000000000001,8.312108166219858
