cc,out_edges,nodes_in_isd,border_breadth,isd_ratio,cheeger
01,6104,17941,0.3402262973078424,0.2949367088607595,0.9392353208921256
