{
    "SCION_20230101_small_dre_70.txt": 135.21539142255077,
    "SCION_20230101_100.txt": 196.824201492825,
    "SCION_20230101_small_dre_60.txt": 115.1991696428399,
    "SCION_20230101_small_dre_10.txt": 14.713093739168253,
    "SCION_20230101_small_dre_30.txt": 55.45828458092683,
    "SCION_20230101_small_dre_20.txt": 34.86258148687553,
    "SCION_20230101_small_dre_50.txt": 95.59829590972946,
    "SCION_20230101_small_dre_90.txt": 176.74430166775866,
    "SCION_20230101_small_dre_80.txt": 156.54481999333186,
    "SCION_20230101_small_dre_40.txt": 75.36488137213878
}